date,upi_volume,upi_value
2020-06-01,476.9671,10413.108974581
2020-06-02,476.78182,9951.298586321
2020-06-03,456.2593,9622.37521347
2020-06-04,463.04959,9639.502868508
2020-06-05,464.79398,9539.524729484
2020-06-06,458.64927,9119.199541725
2020-06-07,427.25912,6874.997300074
2020-06-08,469.99287,10062.170486206
2020-06-09,466.98338,9786.85765725
2020-06-10,461.58058,9839.41028404
2020-06-11,449.65,9499.97
2020-06-12,453.42912,9288.433725751
2020-06-13,289.00253,4333.739248967
2020-06-14,435.87,7238.232876260001
2020-06-15,463.91469,9725.940723531
2020-06-16,469.24346,9361.873619612
2020-06-17,446.58304,9087.238502439
2020-06-18,433.31743,8793.3234418
2020-06-19,440.29209,8512.468178525
2020-06-20,437.74652,8280.129005688
2020-06-21,356.52732,4938.442783352
2020-06-22,459.5468,9375.196451475
2020-06-23,452.99435,8650.023156345998
2020-06-24,477.54,8942.45
2020-06-25,456.49271,8531.518240163
2020-06-26,455.45,8660.95
2020-06-27,436.26,7586.08
2020-06-28,397.91,5544.8
2020-06-29,430.17,8825.17
2020-06-30,505.09,11811.09
2020-07-01,515.18,11611.71
2020-07-02,481.96,10494.44
2020-07-03,507.41,10735.45
2020-07-04,498.77,10114.58
2020-07-05,432.52,7115.05
2020-07-06,503.34,10863.0
2020-07-07,496.02,10438.01
2020-07-08,509.11,10642.44
2020-07-09,485.14,10059.96
2020-07-10,451.5,9324.23
2020-07-11,500.95,9024.34
2020-07-12,434.05,6282.22
2020-07-13,518.52,10469.79
2020-07-14,519.6,10312.04
2020-07-15,499.18,10118.86
2020-07-16,479.81,9451.87
2020-07-17,472.6,9034.77
2020-07-18,462.3,8380.13
2020-07-19,410.87,5766.61
2020-07-20,461.25,8829.0
2020-07-21,437.49,8301.25
2020-07-22,496.81,9735.93
2020-07-23,470.34,8878.82
2020-07-24,483.32,9348.16
2020-07-25,466.6,7787.59
2020-07-26,414.17,5659.17
2020-07-27,501.87,9884.21
2020-07-28,497.54,9580.56
2020-07-29,488.78,9301.61
2020-07-30,525.93,10592.09
2020-07-31,550.61,12399.97
2020-08-01,554.43,10981.35
2020-08-02,501.86,8082.04
2020-08-03,508.98,9804.57
2020-08-04,526.55,11230.53
2020-08-05,492.26,10226.47
2020-08-06,459.74,9517.22
2020-08-07,504.21,10464.83
2020-08-08,538.93,9938.8
2020-08-09,440.12,6578.76
2020-08-10,511.87,10388.9
2020-08-11,578.27,11411.04
2020-08-12,558.47,10962.22
2020-08-13,539.19,10585.91
2020-08-14,539.34,10316.23
2020-08-15,489.26,7615.92
2020-08-16,460.73,6513.29
2020-08-17,491.93,9319.65
2020-08-18,492.12,8825.77
2020-08-19,543.21,10080.86
2020-08-20,556.27,10676.16
2020-08-21,548.43,9893.06
2020-08-22,498.88,7381.02
2020-08-23,468.13,6217.56
2020-08-24,551.02,10572.5
2020-08-25,561.84,10383.43
2020-08-26,552.49,10182.13
2020-08-27,544.74,10028.61
2020-08-28,549.31,10209.71
2020-08-29,545.21,9725.31
2020-08-30,493.79,6981.95
2020-08-31,586.69,13211.82
2020-09-01,651.97,13916.88
2020-09-02,638.42,13151.17
2020-09-03,625.8,12827.3
2020-09-04,621.85,12457.52
2020-09-05,624.89,12215.88
2020-09-06,567.97,8642.76
2020-09-07,634.74,13010.41
2020-09-08,662.23,12601.81
2020-09-09,571.75,11563.73
2020-09-10,646.68,12688.59
2020-09-11,624.04,11651.3
2020-09-12,609.7,10366.6
2020-09-13,474.74,6184.07
2020-09-14,631.44,12516.37
2020-09-15,623.6,11916.68
2020-09-16,628.73,11547.25
2020-09-17,402.75,7127.67
2020-09-18,637.88,11307.57
2020-09-19,614.3,10245.52
2020-09-20,454.37,5724.58
2020-09-21,636.98,11767.97
2020-09-22,622.35,11255.24
2020-09-23,607.23,10715.09
2020-09-24,601.18,10459.95
2020-09-25,604.82,10540.49
2020-09-26,501.38,7561.24
2020-09-27,592.81,7868.89
2020-09-28,631.77,11503.91
2020-09-29,599.96,11212.75
2020-09-30,655.34,14482.65
2020-10-01,690.78,15154.61
2020-10-02,668.2,12182.05
2020-10-03,660.31,12936.91
2020-10-04,621.62,10048.45
2020-10-05,662.0,14138.9
2020-10-06,663.59,13442.54
2020-10-07,707.29,13835.59
2020-10-08,700.44,13802.48
2020-10-09,703.69,13478.59
2020-10-10,679.11,11765.56
2020-10-11,625.09,8802.28
2020-10-12,690.28,13602.65
2020-10-13,659.71,12201.05
2020-10-14,685.48,12826.95
2020-10-15,716.06,13768.29
2020-10-16,676.8,12787.33
2020-10-17,697.41,12953.33
2020-10-18,641.64,9860.13
2020-10-19,686.15,13562.8
2020-10-20,676.48,13103.34
2020-10-21,688.79,13438.16
2020-10-22,657.31,12591.02
2020-10-23,665.35,12525.03
2020-10-24,638.52,10719.74
2020-10-25,566.26,7661.96
2020-10-26,633.45,11007.26
2020-10-27,648.1,11851.51
2020-10-28,645.16,12124.43
2020-10-29,664.37,13283.1
2020-10-30,671.68,12259.09
2020-10-31,725.07,14391.61
2020-11-01,719.36,11976.23
2020-11-02,772.71,16403.19
2020-11-03,765.2,15169.76
2020-11-04,762.26,15271.56
2020-11-05,726.68,13736.53
2020-11-06,775.2,14875.48
2020-11-07,780.74,14334.9
2020-11-08,772.49,11178.77
2020-11-09,748.79,14434.11
2020-11-10,837.68,15796.87
2020-11-11,809.79,16033.53
2020-11-12,818.7,16137.97
2020-11-13,793.01,15237.8
2020-11-14,739.7,10494.83
2020-11-15,663.59,8643.49
2020-11-16,725.27,11787.88
2020-11-17,762.78,13038.57
2020-11-18,768.4,13252.11
2020-11-19,751.04,12885.59
2020-11-20,754.39,12391.65
2020-11-21,725.52731,11426.8541908
2020-11-22,680.90251,9239.926593729
2020-11-23,725.318,13061.3162203
2020-11-24,663.51545,11841.288727624
2020-11-25,648.03129,11564.6733697
2020-11-26,669.09398,11676.499397102
2020-11-27,729.96046,13687.62233330301
2020-11-28,679.98757,11982.566192187
2020-11-29,641.00979,9651.968848662002
2020-11-30,691.16,13785.63
2020-12-01,716.24,15048.41
2020-12-02,692.08,14400.62
2020-12-03,634.55,12916.16
2020-12-04,761.09,16061.54
2020-12-05,776.24,16093.79
2020-12-06,706.27,11486.81
2020-12-07,755.12,15716.32
2020-12-08,574.97,9967.03
2020-12-09,791.01,16560.21
2020-12-10,763.53,15404.8
2020-12-11,750.49,14329.14
2020-12-12,711.02,12251.73
2020-12-13,684.78,10004.15
2020-12-14,724.92,14107.85
2020-12-15,744.48,14510.2
2020-12-16,700.36,12973.1
2020-12-17,737.96,14062.04
2020-12-18,731.5,13170.33
2020-12-19,738.81,12971.61
2020-12-20,694.92,10002.15
2020-12-21,740.09,14261.92
2020-12-22,735.6,13675.52
2020-12-23,739.01,13802.86
2020-12-24,739.72,13897.71
2020-12-25,702.45483,11018.978388966
2020-12-26,706.66956,11261.776881068
2020-12-27,647.91652,8703.109204828
2020-12-28,734.21,14095.93
2020-12-29,712.67,13676.88
2020-12-30,724.92,14315.01
2020-12-31,767.98,15428.54
2021-01-01,767.15,14291.54
2021-01-02,792.19,16441.23
2021-01-03,712.39,11999.27
2021-01-04,797.78,17216.59
2021-01-05,782.2,16391.11
2021-01-06,795.3,16315.32
2021-01-07,786.63,15903.99
2021-01-08,765.97,15067.11
2021-01-09,755.92,13575.18
2021-01-10,730.55,11442.15
2021-01-11,790.01,16385.67
2021-01-12,796.26,16106.04
2021-01-13,799.33,15247.81
2021-01-14,709.06,12055.99
2021-01-15,716.84,12896.46
2021-01-16,736.58,13098.51
2021-01-17,693.63,10040.86
2021-01-18,742.75,14349.75
2021-01-19,726.82,13969.89
2021-01-20,768.51,15105.77
2021-01-21,759.64,14635.65
2021-01-22,751.68,14181.12
2021-01-23,713.0,11968.34
2021-01-24,589.58,8051.95
2021-01-25,724.19,14185.07
2021-01-26,682.29,10407.76
2021-01-27,705.02,13936.0
2021-01-28,691.55,13304.92
2021-01-29,758.33,15526.32
2021-01-30,778.35,15636.1
2021-01-31,707.78,11448.43
2021-02-01,835.85,18468.88
2021-02-02,817.28,17017.33
2021-02-03,809.71,16419.83
2021-02-04,813.15,16525.55
2021-02-05,846.0,16576.05
2021-02-06,859.11,16381.84
2021-02-07,812.38,12158.01
2021-02-08,830.29,16526.49
2021-02-09,851.58,16665.88
2021-02-10,863.77,17089.0
2021-02-11,847.77,16136.53
2021-02-12,836.08,15632.23
2021-02-13,797.38,13406.04
2021-02-14,760.56,10714.19
2021-02-15,810.95,15853.05
2021-02-16,803.9,15074.43
2021-02-17,814.96,14883.53
2021-02-18,809.37,15014.25
2021-02-19,788.06,13981.94
2021-02-20,811.43,14406.39
2021-02-21,753.9,10512.08
2021-02-22,815.81,15458.36
2021-02-23,810.66,14883.16
2021-02-24,818.77,15108.13
2021-02-25,810.92,15282.2
2021-02-26,835.39,16838.18
2021-02-27,848.63,15541.31
2021-02-28,815.28,12507.9
2021-03-01,931.35,20137.82
2021-03-02,923.65,19359.29
2021-03-03,887.95,18133.93
2021-03-04,918.98,18836.35
2021-03-05,921.15,18226.84
2021-03-06,897.01,17171.99
2021-03-07,870.99,13251.52
2021-03-08,924.45,18178.63
2021-03-09,929.41,18159.23
2021-03-10,959.21,19087.27
2021-03-11,866.3,14920.18
2021-03-12,892.83,16750.51
2021-03-13,881.74,15106.81
2021-03-14,778.18,10795.13
2021-03-15,888.65,17078.68
2021-03-16,879.7,15014.8
2021-03-17,889.05,17307.19
2021-03-18,887.01,16791.68
2021-03-19,881.98,16549.78
2021-03-20,893.8,16114.6
2021-03-21,813.0,11625.59
2021-03-22,873.17,16846.96
2021-03-23,873.33,16338.27
2021-03-24,880.58,16911.96
2021-03-25,888.41,17301.18
2021-03-26,905.65,16867.73
2021-03-27,883.98,15316.88
2021-03-28,820.79,10761.31
2021-03-29,689.6,9607.64
2021-03-30,856.44,16167.59
2021-03-31,928.51,20169.11
2021-04-01,769.5,14169.04
2021-04-02,898.85,16537.44
2021-04-03,963.87,19547.72
2021-04-04,883.7,14296.25
2021-04-05,949.94,20006.52
2021-04-06,924.3,18445.55
2021-04-07,956.92,19190.78
2021-04-08,960.63,18638.51
2021-04-09,1004.67,18858.61
2021-04-10,930.11,16956.53
2021-04-11,855.49,12806.86
2021-04-12,1004.36,20461.95
2021-04-13,927.55,16563.22
2021-04-14,896.17,15217.21
2021-04-15,901.22,17662.85
2021-04-16,909.1,17173.74
2021-04-17,864.75,15764.69
2021-04-18,809.01,11456.18
2021-04-19,920.28,17808.09
2021-04-20,902.51,17153.95
2021-04-21,864.43,15185.21
2021-04-22,848.75,16262.77
2021-04-23,845.72,15809.46
2021-04-24,765.01,13210.5
2021-04-25,705.54,10166.47
2021-04-26,838.52,16495.37
2021-04-27,803.07,15635.89
2021-04-28,806.7,15920.58
2021-04-29,823.09,16046.25
2021-04-30,876.85,20215.49
2021-05-01,862.39,18140.21
2021-05-02,793.73,13692.47
2021-05-03,877.17,20191.07
2021-05-04,893.11,20005.02
2021-05-05,877.04,19438.15
2021-05-06,853.5,18425.68
2021-05-07,863.12,18247.77
2021-05-08,834.5,16365.41
2021-05-09,794.03,13425.59
2021-05-10,849.17,18772.21
2021-05-11,900.09,18267.37
2021-05-12,857.68,17402.93
2021-05-13,851.7,16038.79
2021-05-14,811.67,14038.22
2021-05-15,805.25,14824.99
2021-05-16,712.83,10804.95
2021-05-17,800.15,15977.6
2021-05-18,803.01,15314.82
2021-05-19,803.03,15542.35
2021-05-20,793.42,15265.44
2021-05-21,797.68,14967.99
2021-05-22,772.38,13312.11
2021-05-23,756.08,11237.42
2021-05-24,800.3,15851.67
2021-05-25,799.33,15027.36
2021-05-26,682.56,12817.62
2021-05-27,775.33,14644.79
2021-05-28,802.27,14803.08
2021-05-29,793.03,14114.81
2021-05-30,769.66,11414.94
2021-05-31,906.61,20732.78
2021-06-01,978.07,21837.51
2021-06-02,981.37,20668.35
2021-06-03,928.0,19629.84
2021-06-04,908.24,18987.07
2021-06-05,921.2,18465.68
2021-06-06,850.62,13881.64
2021-06-07,958.53,20566.61
2021-06-08,959.49,19555.25
2021-06-09,959.32,19616.4
2021-06-10,960.68,19826.78
2021-06-11,948.41,19013.39
2021-06-12,914.84,16646.22
2021-06-13,851.65,12899.97
2021-06-14,973.72,20359.99
2021-06-15,968.59,19631.73
2021-06-16,958.88,19341.99
2021-06-17,914.54,17975.02
2021-06-18,968.15,18847.37
2021-06-19,923.37,16946.72
2021-06-20,861.58,12949.17
2021-06-21,967.74,19694.06
2021-06-22,937.82,18529.74
2021-06-23,886.08,16920.82
2021-06-24,901.21,17171.85
2021-06-25,935.25,17648.46
2021-06-26,923.18,15638.86
2021-06-27,853.53,11945.99
2021-06-28,957.51,19199.12
2021-06-29,971.64,19122.24
2021-06-30,1051.95,23855.32
2021-07-01,1052.35,23416.77
2021-07-02,1081.5,22773.32
2021-07-03,1044.52,20784.0
2021-07-04,979.48,16400.08
2021-07-05,1092.2,23601.76
2021-07-06,1027.63,21426.67
2021-07-07,1150.0,23158.49
2021-07-08,953.67,19593.6
2021-07-09,1151.69,22376.23
2021-07-10,922.12554,17381.762850373
2021-07-11,935.44,14528.9
2021-07-12,924.29,17865.05
2021-07-13,1419.22,26954.63
2021-07-14,1009.17293,19870.942514787
2021-07-15,1063.64,21013.1
2021-07-16,1159.32,21440.28
2021-07-17,1030.17,18400.77
2021-07-18,915.12,12743.31
2021-07-19,1049.52,20635.1
2021-07-20,1078.12,20476.24
2021-07-21,954.91,15421.19
2021-07-22,822.07078,15711.846838088
2021-07-23,1172.6,19889.5
2021-07-24,978.07,15607.17
2021-07-25,967.95,12927.13
2021-07-26,1051.06,19885.25
2021-07-27,1040.66,19262.96
2021-07-28,1056.26,19325.52
2021-07-29,1044.44,19154.18
2021-07-30,1117.52,21272.89
2021-07-31,1210.3,22584.56
2021-08-01,1139.83,17991.95
2021-08-02,1202.32,25029.23
2021-08-03,1200.77,23649.82
2021-08-04,1191.28,24030.66
2021-08-05,1183.4,23718.76
2021-08-06,1105.22,21095.72
2021-08-07,1222.45,22910.2
2021-08-08,1127.74,16658.61
2021-08-09,1235.1,24086.79
2021-08-10,1247.03,24240.48
2021-08-11,1218.33,23627.85
2021-08-12,1187.33,22704.03
2021-08-13,1152.84,20953.57
2021-08-14,1147.81,19317.55
2021-08-15,1062.92,14679.03
2021-08-16,1137.05,21637.92
2021-08-17,1145.32,21311.21
2021-08-18,1141.79,21660.34
2021-08-19,1148.7,20696.02
2021-08-20,1115.08,18706.14
2021-08-21,1173.5,19530.45
2021-08-22,1060.53,13242.53
2021-08-23,1085.96,19805.16
2021-08-24,1097.23,19853.25
2021-08-25,1139.74,20927.52
2021-08-26,1113.96,19824.58
2021-08-27,1106.01,19367.36
2021-08-28,1108.1,18119.46
2021-08-29,1067.33,14334.35
2021-08-30,1091.65,19281.64
2021-08-31,1199.13,26124.77
2021-09-01,1261.06,27148.4
2021-09-02,1276.66,26154.15
2021-09-03,1245.0,23910.41
2021-09-04,1237.38,23834.31
2021-09-05,1088.95,16861.66
2021-09-06,1221.17,24922.42
2021-09-07,1139.79,21864.83
2021-09-08,1264.05,24634.77
2021-09-09,1284.19,24770.65
2021-09-10,1209.37,21030.37
2021-09-11,1178.8,20129.85
2021-09-12,1136.16,15950.87
2021-09-13,1205.56,23212.04
2021-09-14,1214.27,22629.21
2021-09-15,1239.98,23442.74
2021-09-16,1201.65,22094.58
2021-09-17,1172.23,19888.28
2021-09-18,1238.49,20854.06
2021-09-19,1181.92,15698.53
2021-09-20,1252.69,23232.53
2021-09-21,1230.81,22157.2
2021-09-22,1237.91,21821.81
2021-09-23,1232.23,21377.26
2021-09-24,1236.65,20872.26
2021-09-25,1220.15,19085.04
2021-09-26,1168.2,14906.16
2021-09-27,1199.04,20756.07
2021-09-28,1208.82,21099.09
2021-09-29,1223.77,21981.12
2021-09-30,1351.22,28327.61
2021-10-01,1377.7,28370.06
2021-10-02,1391.13,25337.11
2021-10-03,1372.67,21845.73
2021-10-04,1393.85,29292.41
2021-10-05,1429.94,29189.41
2021-10-06,1371.62,26288.98
2021-10-07,1444.68,28676.31
2021-10-08,1421.83,27623.49
2021-10-09,1346.3,24747.41
2021-10-10,1359.89,21201.45
2021-10-11,1378.29,28260.91
2021-10-12,1388.67,27223.76
2021-10-13,1376.47,26037.62
2021-10-14,1334.18,24029.6
2021-10-15,1268.71,18158.34
2021-10-16,1285.28,22054.06
2021-10-17,1185.11,16615.55
2021-10-18,1347.86,25795.4
2021-10-19,1309.54,23136.67
2021-10-20,1348.32,24614.57
2021-10-21,1330.33,24809.26
2021-10-22,1360.7,24402.71
2021-10-23,1343.99,21969.69
2021-10-24,1294.21,16990.59
2021-10-25,1331.98,25923.01
2021-10-26,1350.28,25081.49
2021-10-27,1341.27,25168.12
2021-10-28,1361.27,26359.34
2021-10-29,1391.84,27747.43
2021-10-30,1477.09,29919.39
2021-10-31,1469.32,24537.12
2021-11-01,1587.65,36035.24
2021-11-02,1643.75,34915.78
2021-11-03,1647.69,34613.47
2021-11-04,1434.81,23307.44
2021-11-05,1326.01,22719.01
2021-11-06,1362.53,24416.19
2021-11-07,1309.27,20543.84
2021-11-08,1423.44,28222.58
2021-11-09,1379.06,27462.69
2021-11-10,1403.76,27572.23
2021-11-11,1369.69,26145.08
2021-11-12,1363.32,25519.53
2021-11-13,1377.09,23325.29
2021-11-14,1344.94,18867.22
2021-11-15,1373.07,27088.45
2021-11-16,1381.59,27011.12
2021-11-17,1393.78,25755.18
2021-11-18,1348.21,25291.94
2021-11-19,1339.07,21545.81
2021-11-20,1387.15,24225.89
2021-11-21,1313.9,18070.98
2021-11-22,1338.5,25248.75
2021-11-23,1388.53,25616.77
2021-11-24,1374.03,25221.2
2021-11-25,1392.49,25459.92
2021-11-26,1375.68,25509.28
2021-11-27,1342.41,22251.27
2021-11-28,1296.28,17817.14
2021-11-29,1369.41,26386.44
2021-11-30,1477.69,32270.36
2021-12-01,1531.04,33487.99
2021-12-02,1524.3,31446.32
2021-12-03,1480.12,28800.98
2021-12-04,1542.54,29534.27
2021-12-05,1478.36,23634.62
2021-12-06,1488.74,30143.74
2021-12-07,1535.97,30111.47
2021-12-08,1510.03,28889.73
2021-12-09,1452.73,27977.02
2021-12-10,1382.76,25540.08
2021-12-11,1450.98,25827.58
2021-12-12,1392.11,20023.23
2021-12-13,1407.12,26943.56
2021-12-14,1484.81,28016.55
2021-12-15,1512.54,28838.73
2021-12-16,1456.96,26447.76
2021-12-17,1461.15,24999.17
2021-12-18,1451.23,24668.99
2021-12-19,1402.14,19087.16
2021-12-20,1489.36,29184.65
2021-12-21,1467.81,27086.37
2021-12-22,1489.94,26892.86
2021-12-23,1494.64,26454.72
2021-12-24,1491.2,25817.61
2021-12-25,1448.92,22122.87
2021-12-26,1357.26,17623.74
2021-12-27,1436.37,26037.07
2021-12-28,1445.59,26113.2
2021-12-29,1420.78,25271.47
2021-12-30,1491.52,27540.86
2021-12-31,1683.97,32283.86
2022-01-01,1585.27,27278.48
2022-01-02,1531.66,24750.74
2022-01-03,1614.87,32979.67
2022-01-04,1595.01,32214.37
2022-01-05,1591.71,31730.45
2022-01-06,1589.44,30771.67
2022-01-07,1621.33,30569.5
2022-01-08,1547.07,26520.13
2022-01-09,1212.96,18265.68
2022-01-10,1650.53,33273.67
2022-01-11,1563.23,30052.59
2022-01-12,1590.55,30181.55
2022-01-13,1565.06,28747.57
2022-01-14,1445.09,23852.4
2022-01-15,1378.0,21970.51
2022-01-16,1311.22,18000.91
2022-01-17,1487.62,27641.24
2022-01-18,1465.03,26732.97
2022-01-19,1501.62,27400.76
2022-01-20,1459.3,27092.83
2022-01-21,1477.4,26652.65
2022-01-22,1422.39,23272.13
2022-01-23,1317.35,17525.56
2022-01-24,1450.3,28414.48
2022-01-25,1460.12,27920.07
2022-01-26,1404.28,21232.52
2022-01-27,1437.6,27360.06
2022-01-28,1454.86,26942.28
2022-01-29,1390.55,24872.5
2022-01-30,1437.84,21176.51
2022-01-31,1612.3,36596.64
2022-02-01,1727.27,38167.32
2022-02-02,1666.46,34757.09
2022-02-03,1646.71,33265.3
2022-02-04,1622.84,32036.03
2022-02-05,1655.22,31339.7
2022-02-06,1549.3,23445.48
2022-02-07,1664.91,33670.85
2022-02-08,1667.98,32682.18
2022-02-09,1718.83,32468.47
2022-02-10,1646.32,31703.55
2022-02-11,1665.02,30697.0
2022-02-12,1632.81,27942.54
2022-02-13,1588.4,22271.87
2022-02-14,1675.9,32609.4
2022-02-15,1649.61,31888.77
2022-02-16,1653.18,30212.49
2022-02-17,1599.93,29053.85
2022-02-18,1610.88,27226.8
2022-02-19,1558.32,25778.25
2022-02-20,1549.44,21128.33
2022-02-21,1578.14,29480.41
2022-02-22,1474.01,27023.99
2022-02-23,1421.16,24444.21
2022-02-24,1679.23,32003.16
2022-02-25,1599.27,29271.51
2022-02-26,1606.8,26149.22
2022-02-27,1572.88,21228.83
2022-02-28,1594.07,34896.42
2022-03-01,1711.64,33758.22
2022-03-02,1794.57,37033.35
2022-03-03,1794.51,36252.3
2022-03-04,1779.04,35210.29
2022-03-05,1840.21,35370.65
2022-03-06,1725.69,26113.76
2022-03-07,1817.79,37285.22
2022-03-08,1793.65,34545.89
2022-03-09,1808.25,34882.05
2022-03-10,1815.4,34890.75
2022-03-11,1783.45,32377.05
2022-03-12,1765.19,29318.33
2022-03-13,1704.03,23152.81
2022-03-14,1774.35,33957.67
2022-03-15,1766.92,33340.64
2022-03-16,1804.56,33221.88
2022-03-17,1807.54,31166.73
2022-03-18,1489.27,18869.04
2022-03-19,1644.78,25247.27
2022-03-20,1588.62,21237.31
2022-03-21,1722.99,31841.8
2022-03-22,1673.03,29566.9
2022-03-23,1698.64,29859.79
2022-03-24,1695.82,29588.27
2022-03-25,1709.3,29741.97
2022-03-26,1760.5,27909.08
2022-03-27,1708.97,21937.12
2022-03-28,1713.71,30755.25
2022-03-29,1716.2,29737.75
2022-03-30,1771.98,33222.54
2022-03-31,1875.91,39189.99
2022-04-01,1759.96,31501.34
2022-04-02,1904.37,34305.57
2022-04-03,1816.66,28996.32
2022-04-04,1932.97,41530.22
2022-04-05,1934.18,39370.19
2022-04-06,1892.45,37401.11
2022-04-07,1924.91,37184.6
2022-04-08,1915.95,35133.63
2022-04-09,1963.77,33429.07
2022-04-10,1829.57,26380.29
2022-04-11,1920.92,37147.71
2022-04-12,1934.32,36141.16
2022-04-13,1959.35,35735.22
2022-04-14,1854.34,30183.26
2022-04-15,1807.44,28138.64
2022-04-16,1847.21,30322.18
2022-04-17,1776.11,23899.87
2022-04-18,1847.09,34476.4
2022-04-19,1848.4,33348.27
2022-04-20,1863.96,33512.38
2022-04-21,1833.63,31649.72
2022-04-22,1841.32,30687.21
2022-04-23,1830.43,28361.39
2022-04-24,1679.09,22341.42
2022-04-25,1821.6,33631.18
2022-04-26,1820.41,32293.94
2022-04-27,1832.81,32147.43
2022-04-28,1814.81,31645.31
2022-04-29,1849.56,34089.13
2022-04-30,1986.29,38589.29
2022-05-01,2053.98,35380.47
2022-05-02,2082.15,43127.73
2022-05-03,1861.51,32528.65
2022-05-04,1944.96,39142.74
2022-05-05,1995.45,40116.7
2022-05-06,1972.09,38218.9
2022-05-07,2060.59,37753.22
2022-05-08,1954.13,28907.36
2022-05-09,1994.1,39710.68
2022-05-10,1942.99,37570.27
2022-05-11,1974.23,36863.35
2022-05-12,1848.24,33771.63
2022-05-13,1943.36,37429.32
2022-05-14,1927.89,31230.91
2022-05-15,1884.54,25653.0
2022-05-16,1887.69,33249.98
2022-05-17,1872.92,33295.35
2022-05-18,1949.01,34027.49
2022-05-19,1901.9,32947.73
2022-05-20,1900.24,31912.52
2022-05-21,1898.0,30865.04
2022-05-22,1826.09,23763.95
2022-05-23,1870.32,32828.94
2022-05-24,1890.05,31870.42
2022-05-25,1883.82,31845.24
2022-05-26,1846.09,31197.03
2022-05-27,1834.86,29522.85
2022-05-28,1860.93,29069.75
2022-05-29,1852.2,23047.36
2022-05-30,1836.45,33628.62
2022-05-31,1912.11,39743.33
2022-06-01,1976.68,42008.82
2022-06-02,2186.08,43887.84
2022-06-03,2050.04,38200.28
2022-06-04,1859.27,35010.94
2022-06-05,2222.02,34073.12
2022-06-06,2020.38,39158.04
2022-06-07,1995.9,37704.57
2022-06-08,2146.97,38922.92
2022-06-09,2042.38,36686.89
2022-06-10,2021.75,36538.99
2022-06-11,2037.13,33508.5
2022-06-12,1952.53,26074.45
2022-06-13,2006.68,37447.27
2022-06-14,1986.69,34441.89
2022-06-15,2040.5,35105.4
2022-06-16,2017.36,34093.76
2022-06-17,1962.92,32304.39
2022-06-18,1818.97,29385.68
2022-06-19,1670.82,22291.5
2022-06-20,1878.08,34282.55
2022-06-21,1904.54,32914.38
2022-06-22,1885.5,31969.65
2022-06-23,1854.26,30994.9
2022-06-24,1904.89,31022.28
2022-06-25,1898.02,29437.83
2022-06-26,1865.08,23014.68
2022-06-27,1908.78,33292.2
2022-06-28,1865.29,31372.09
2022-06-29,1850.76,32020.73
2022-06-30,1798.81,37246.08
2022-07-01,2110.38,43831.02
2022-07-02,2134.15,42108.81
2022-07-03,2049.51,32114.33
2022-07-04,2093.17,42995.32
2022-07-05,2077.94,41456.59
2022-07-06,2093.44,39822.21
2022-07-07,2120.26,39624.23
2022-07-08,2079.58,37817.79
2022-07-09,2100.71,35896.16
2022-07-10,1932.44,26632.94
2022-07-11,2000.96,37142.02
2022-07-12,2011.21,35038.16
2022-07-13,1989.5,34242.77
2022-07-14,2023.58,34743.09
2022-07-15,2019.0,33702.42
2022-07-16,2013.56,32704.58
2022-07-17,1975.48,25086.78
2022-07-18,1980.21,33652.23
2022-07-19,1997.15,32665.89
2022-07-20,2060.07,34113.78
2022-07-21,1995.59,32083.3
2022-07-22,1984.87,30587.13
2022-07-23,1961.15,29270.86
2022-07-24,1922.39,23283.4
2022-07-25,1963.87,33362.36
2022-07-26,1951.14,31535.55
2022-07-27,2030.82,32141.8
2022-07-28,1971.07,31311.84
2022-07-29,2039.83,35222.25
2022-07-30,2132.19,38375.84
2022-07-31,2078.18,30551.59
2022-08-01,2171.27,43568.17
2022-08-02,2231.53,42085.99
2022-08-03,2115.76,38693.87
2022-08-04,2168.76,40079.82
2022-08-05,2048.27,35859.8
2022-08-06,2254.73,39064.52
2022-08-07,2124.83,29906.75
2022-08-08,2162.0,39627.08
2022-08-09,2104.64,34997.87
2022-08-10,2258.23,41043.38
2022-08-11,2258.37,36349.91
2022-08-12,2094.52,33508.36
2022-08-13,2087.53,32266.78
2022-08-14,1992.48,25307.67
2022-08-15,1946.64,25414.14
2022-08-16,2087.37,35358.46
2022-08-17,2134.04,36034.3
2022-08-18,2145.22,35365.86
2022-08-19,2072.71,31204.93
2022-08-20,2103.98,33072.27
2022-08-21,2012.59,25174.59
2022-08-22,2098.1,35304.68
2022-08-23,2065.06,33735.52
2022-08-24,2082.78,33988.13
2022-08-25,2106.28,34666.38
2022-08-26,2051.4,32104.76
2022-08-27,2146.53,31003.69
2022-08-28,2133.36,24581.62
2022-08-29,2138.82,36565.66
2022-08-30,2255.78,40909.83
2022-08-31,2165.48,36317.38
2022-09-01,2312.02,46102.69
2022-09-02,2344.38,42755.56
2022-09-03,2343.42,41387.77
2022-09-04,2222.1,32092.83
2022-09-05,2321.17,44581.11
2022-09-06,2288.42,41284.01
2022-09-07,2298.87303,41648.127338035
2022-09-08,2269.81472,39016.032615582
2022-09-09,2220.49,37027.98
2022-09-10,2249.38,36076.21
2022-09-11,2222.64,28818.13
2022-09-12,2242.62,39419.29
2022-09-13,2219.11,37206.64
2022-09-14,2253.62,37938.12
2022-09-15,2245.68,37563.76
2022-09-16,2255.26,36237.8
2022-09-17,2267.25,33100.06
2022-09-18,2140.49,25809.84
2022-09-19,2203.34,36275.55
2022-09-20,2222.49,35652.81
2022-09-21,2222.64,35651.91
2022-09-22,2253.65,37245.02
2022-09-23,2240.82,35202.31
2022-09-24,2254.85,33468.05
2022-09-25,2224.62,26617.01
2022-09-26,2264.06,38681.13
2022-09-27,2243.49,37077.33
2022-09-28,2294.03,37494.05
2022-09-29,2261.41,38173.16
2022-09-30,2405.86,46833.8
2022-10-01,2586.47,50382.75
2022-10-02,2483.64,39039.52
2022-10-03,2480.21,47218.26
2022-10-04,2396.9,42082.91
2022-10-05,2272.01,34258.45
2022-10-06,2331.47,41501.46
2022-10-07,2329.71,41204.09
2022-10-08,2365.74,39710.25
2022-10-09,2290.61,32190.94
2022-10-10,2410.02,47027.29
2022-10-11,2434.91,43642.01
2022-10-12,2450.81,42412.68
2022-10-13,2399.86,40387.93
2022-10-14,2352.74,38748.95
2022-10-15,2416.34,39499.74
2022-10-16,2384.85,31327.83
2022-10-17,2357.07,40125.1
2022-10-18,2402.64,39917.14
2022-10-19,2458.66,40856.85
2022-10-20,2427.04,42218.85
2022-10-21,2514.0,44598.12
2022-10-22,2608.12,44832.58
2022-10-23,2520.11,36622.22
2022-10-24,2233.28,27690.79
2022-10-25,1988.31,29351.82
2022-10-26,2144.52,32555.4
2022-10-27,2149.57,34451.97
2022-10-28,2162.42,36086.52
2022-10-29,2208.1,36208.01
2022-10-30,2172.95,28111.77
2022-10-31,2321.13,47325.3
2022-11-01,2494.4,50700.08
2022-11-02,2500.21,47432.82
2022-11-03,2434.82,45208.17
2022-11-04,2452.5,43645.17
2022-11-05,2528.34,44653.94
2022-11-06,2424.83,33841.13
2022-11-07,2452.45,45347.9
2022-11-08,2348.78,38528.36
2022-11-09,2504.80652,43709.258599851
2022-11-10,2544.65,44760.22
2022-11-11,2443.48,41603.7
2022-11-12,2473.71,37328.49
2022-11-13,2460.71,29862.99
2022-11-14,2461.78,41601.59
2022-11-15,2467.09,41038.85
2022-11-16,2460.06,39877.66
2022-11-17,2419.4,38887.99
2022-11-18,2415.23,36774.04
2022-11-19,2435.64,36893.0
2022-11-20,2391.96,30141.8
2022-11-21,2265.49,37029.58
2022-11-22,2420.5,38450.98
2022-11-23,2411.47,37158.59
2022-11-24,2390.62,37188.36
2022-11-25,2413.07,37146.94
2022-11-26,2414.45,35261.16
2022-11-27,2341.36,27955.44
2022-11-28,2359.87,38785.39
2022-11-29,2389.60378,39732.244807665
2022-11-30,2573.19,50047.55
2022-12-01,2692.15,53457.06
2022-12-02,2660.28,48531.22
2022-12-03,2641.04,46558.2
2022-12-04,2524.83,37265.1
2022-12-05,2630.16,50169.23
2022-12-06,2571.41,46197.13
2022-12-07,2583.98,46284.96
2022-12-08,2514.95,43719.07
2022-12-09,2488.63,42421.34
2022-12-10,2537.77,41177.7
2022-12-11,2508.37,33518.33
2022-12-12,2539.09,45151.66
2022-12-13,2557.97,43440.05
2022-12-14,2598.34,42458.09
2022-12-15,2561.41,42710.62
2022-12-16,2517.51,39520.11
2022-12-17,2488.37,37570.68
2022-12-18,2412.75,29305.27
2022-12-19,2502.76,40811.37
2022-12-20,2496.62,41271.64
2022-12-21,2494.94,40183.79
2022-12-22,2473.99,39160.3
2022-12-23,2477.96,38502.18
2022-12-24,2471.85,36227.07
2022-12-25,2331.58,28116.81
2022-12-26,2430.6,39846.63
2022-12-27,2409.22,38765.65
2022-12-28,2405.09,38372.59
2022-12-29,2446.72,39919.76
2022-12-30,2553.91,44912.73
2022-12-31,2764.7,46424.52
2023-01-01,2577.99,35576.8
2023-01-02,2641.16,50488.22
2023-01-03,2616.09,47767.96
2023-01-04,2664.12,50171.67
2023-01-05,2680.05,48732.35
2023-01-06,2618.33,45665.71
2023-01-07,2721.27,46858.16
2023-01-08,2607.93,36760.43
2023-01-09,2683.52,50045.65
2023-01-10,2703.84,48440.96
2023-01-11,2703.8,46672.56
2023-01-12,2708.92,45229.12
2023-01-13,2732.44,43782.2
2023-01-14,2634.47,37799.6
2023-01-15,2420.19,30014.56
2023-01-16,2498.19,40226.62
2023-01-17,2490.53,39728.11
2023-01-18,2578.91,41137.76
2023-01-19,2545.27,40937.69
2023-01-20,2608.3,41418.89
2023-01-21,2647.35,39750.27
2023-01-22,2521.35,31046.89
2023-01-23,2562.8,41835.44
2023-01-24,2573.81,40626.95
2023-01-25,2624.85,42730.7
2023-01-26,2410.42,31062.8
2023-01-27,2528.8,40158.06
2023-01-28,2468.1,36651.22
2023-01-29,2425.11,29669.35
2023-01-30,2507.01,44557.68
2023-01-31,2680.96,53514.4
2023-02-01,2889.81,58075.13
2023-02-02,2804.49,53349.07
2023-02-03,2742.31,48928.42
2023-02-04,2835.93,50154.95
2023-02-05,2724.5,39708.7
2023-02-06,2721.49,49382.48
2023-02-07,2802.3,51094.93
2023-02-08,2687.85,46745.96
2023-02-09,2817.1,48838.54
2023-02-10,2705.28,45521.66
2023-02-11,2677.98,42389.83
2023-02-12,2637.52,33672.53
2023-02-13,2613.76,44763.87
2023-02-14,2738.56,46194.43
2023-02-15,2750.19,46219.11
2023-02-16,2530.37,40478.39
2023-02-17,2725.41,41977.12
2023-02-18,2604.78,35674.95
2023-02-19,2554.7,31261.7
2023-02-20,2693.0,45260.1
2023-02-21,2650.99,42897.62
2023-02-22,2604.64,41562.95
2023-02-23,2619.62,40906.88
2023-02-24,2619.64,40347.83
2023-02-25,2606.02,39270.42
2023-02-26,2535.51,30904.86
2023-02-27,2642.94,45348.53
2023-02-28,2810.88,54915.62
2023-03-01,3012.07,59817.25
2023-03-02,2813.58,53383.73
2023-03-03,2941.07,52497.8
2023-03-04,2985.36,53722.03
2023-03-05,2870.1,42705.74
2023-03-06,2976.54,55488.96
2023-03-07,2781.85,43805.38
2023-03-08,2605.6,38788.84
2023-03-09,2730.11,45891.88
2023-03-10,2912.25,51625.61
2023-03-11,2822.42,44702.23
2023-03-12,2721.17,35015.26
2023-03-13,2842.08,49324.67
2023-03-14,2851.91,48479.42
2023-03-15,2853.73,48315.2
2023-03-16,2798.95764,45720.014422395
2023-03-17,2737.56,41896.47
2023-03-18,2757.13,41909.31
2023-03-19,2676.22,33235.82
2023-03-20,2764.64,46652.05
2023-03-21,2829.32,44602.04
2023-03-22,2732.58,39965.47
2023-03-23,2715.52,42864.52
2023-03-24,2711.94,42625.03
2023-03-25,2745.58,41335.82
2023-03-26,2695.47,32424.0
2023-03-27,2755.29,45897.16
2023-03-28,2759.07,45057.3
2023-03-29,2783.0,45843.3
2023-03-30,2655.43,42465.52
2023-03-31,2678.79,48892.77
2023-04-01,3096.22,51067.88
2023-04-02,2705.9,40107.32
2023-04-03,2912.34,67174.84
2023-04-04,3026.27552,55131.414857592
2023-04-05,3055.58,55523.66
2023-04-06,3003.71,53108.05
2023-04-07,2996.84,49096.83
2023-04-08,3059.59,45972.66
2023-04-09,2961.09,38971.53
2023-04-10,3066.42,57032.84
2023-04-11,2934.13,51142.19
2023-04-12,3173.5,52628.2
2023-04-13,3025.41,48837.58
2023-04-14,2921.59,41334.68
2023-04-15,3036.99,45867.37
2023-04-16,2902.9,35944.36
2023-04-17,2920.98,48059.75
2023-04-18,2895.77,45994.08
2023-04-19,2951.65,46337.61
2023-04-20,3015.45,47613.07
2023-04-21,3024.7,46341.28
2023-04-22,2814.93,37244.28
2023-04-23,2770.5499,32251.649686538
2023-04-24,2819.19,44918.84
2023-04-25,2811.87,44390.27
2023-04-26,2860.46,44656.69
2023-04-27,2865.14,44563.42
2023-04-28,2940.58,48699.12
2023-04-29,3098.5,52690.23
2023-04-30,2964.34,42803.02
2023-05-01,3105.69,56109.02
2023-05-02,3096.52,57673.1
2023-05-03,3091.21,54740.39
2023-05-04,3027.83,55434.84
2023-05-05,3127.48,53729.76
2023-05-06,3196.78,53437.16
2023-05-07,3094.33,41902.53
2023-05-08,3103.63,54789.08
2023-05-09,3119.73,53279.57
2023-05-10,3132.76,52894.17
2023-05-11,3085.45679,50019.1074718
2023-05-12,3093.80577,48240.6580398
2023-05-13,3095.49,44730.46
2023-05-14,3062.02,37468.83
2023-05-15,3091.12361,51693.4854164
2023-05-16,3030.65,48266.02
2023-05-17,2979.02,46493.98
2023-05-18,3012.26,46334.97
2023-05-19,3012.85,44503.43
2023-05-20,3105.31895,46688.2629947
2023-05-21,2897.62,34744.2
2023-05-22,2904.15,46610.35
2023-05-23,2956.97,45016.09
2023-05-24,2990.17,45428.85
2023-05-25,2899.03,45736.15
2023-05-26,3002.19,44385.37
2023-05-27,2916.70627,41936.7405073
2023-05-28,2970.83,33637.03
2023-05-29,2933.76,46315.4
2023-05-30,2889.86,47998.33
2023-05-31,3126.60449,58908.10778489699
2023-06-01,3256.17,62898.87
2023-06-02,3262.64,57644.81
2023-06-03,3232.11,54799.2
2023-06-04,3119.87,45018.03
2023-06-05,3211.94749,59403.414097088
2023-06-06,3157.26651,54850.162840623
2023-06-07,3260.02,56073.86
2023-06-08,3178.07,52908.79
2023-06-09,3193.67,52262.0
2023-06-10,3229.53,51283.62
2023-06-11,3116.13624,39593.489429636
2023-06-12,3146.43,53040.32
2023-06-13,3124.12,50385.35
2023-06-14,3140.38,50450.73
2023-06-15,3108.01,49745.39
2023-06-16,3119.26,46355.7
2023-06-17,3120.82,45835.99
2023-06-18,3013.49,35234.45
2023-06-19,3099.46543,49499.418498667
2023-06-20,3073.99817,48407.3
2023-06-21,3071.30564,47664.332121907
2023-06-22,3045.04,46704.89
2023-06-23,3023.43,45579.36
2023-06-24,3006.31,42935.74
2023-06-25,2947.34,35147.31
2023-06-26,3022.20541,48619.694168418
2023-06-27,2999.57,47516.37
2023-06-28,3137.01,49897.31
2023-06-29,2805.97468,37961.222456461
2023-06-30,3129.03,57747.14
2023-07-01,3395.43,61917.81
2023-07-02,3292.24,47229.91
2023-07-03,3289.63,59189.38
2023-07-04,3304.41,59449.73
2023-07-05,3312.82,59459.28
2023-07-06,3256.93,56399.5
2023-07-07,3298.22473,55271.859759855
2023-07-08,3264.78,50571.15
2023-07-09,3195.43,41980.62
2023-07-10,3317.95223,60484.84911582
2023-07-11,3266.74,53967.69
2023-07-12,3314.67345,53590.280830404
2023-07-13,3237.52515,50613.669277148
2023-07-14,3225.96376,47947.77530139
2023-07-15,3175.54828,47729.742427315
2023-07-16,3208.67191,38071.817477774
2023-07-17,3170.25657,48124.9271422
2023-07-18,3117.12985,46846.48933485
2023-07-19,3154.41654,47849.695297382
2023-07-20,3153.74722,47608.519353705
2023-07-21,3152.82316,45577.502130508
2023-07-22,3136.91685,42238.882096627
2023-07-23,3093.13608,34416.573022507
2023-07-24,3110.05175,48206.150641426
2023-07-25,3079.47194,46984.685763465
2023-07-26,3107.64814,46067.185364369
2023-07-27,3140.60932,45734.03348977
2023-07-28,3152.32803,46273.687408126
2023-07-29,3167.0616,42690.110667732
2023-07-30,3172.10186,36936.176571213
2023-07-31,3377.88839,64106.758572702
2023-08-01,3552.48494,66969.232037155
2023-08-02,3456.87841,62307.105922666
2023-08-03,3485.69,59287.21
2023-08-04,3447.93,57716.61
2023-08-05,3562.42,57820.12
2023-08-06,2988.15,36438.5
2023-08-07,3591.07,63298.71
2023-08-08,3492.43,55950.61
2023-08-09,3503.43,56345.84
2023-08-10,3547.91,57156.72
2023-08-11,3533.91,53813.39
2023-08-12,3526.84,48703.92
2023-08-13,3427.23,38677.49
2023-08-14,3533.66,54501.9
2023-08-15,3284.6,39607.89
2023-08-16,3401.64,50036.67
2023-08-17,3322.78,49839.67
2023-08-18,3372.98,48000.66
2023-08-19,3352.03,47379.98
2023-08-20,3356.88,38720.84
2023-08-21,3347.38,50543.5
2023-08-22,3272.87,47968.58
2023-08-23,3314.39,47616.87
2023-08-24,3350.51,47858.74
2023-08-25,3310.38,46491.48
2023-08-26,3381.55,45179.66
2023-08-27,3328.27,36874.21
2023-08-28,3396.45,51900.82
2023-08-29,3413.46,51131.17
2023-08-30,3561.35,50318.3
2023-08-31,3442.61,58080.14
2023-09-01,3655.33,66251.46
2023-09-02,3674.04,61319.8
2023-09-03,3519.03,48259.6
2023-09-04,3608.71,65160.82
2023-09-05,3595.88,62292.52
2023-09-06,3619.58,59538.75
2023-09-07,3539.64,56509.07
2023-09-08,3505.83,55244.15
2023-09-09,3565.07,52442.49
2023-09-10,3551.89,43863.43
2023-09-11,3571.22,58890.66
2023-09-12,3567.62,57361.62
2023-09-13,3551.08,55420.78
2023-09-14,3533.01,52948.4
2023-09-15,3619.42,52463.74
2023-09-16,3593.71,51457.19
2023-09-17,3621.53,39851.59
2023-09-18,3442.5,46073.95
2023-09-19,3404.95,46404.94
2023-09-20,3475.7,51964.82
2023-09-21,3410.04,50639.38
2023-09-22,3389.37,47198.39
2023-09-23,3337.7,44321.27
2023-09-24,3362.79,36318.66
2023-09-25,3439.51,52459.32
2023-09-26,3412.97,49983.7
2023-09-27,3507.09,51103.2
2023-09-28,3330.36,46099.97
2023-09-29,3464.94,54305.47
2023-09-30,3686.36,62984.04
2023-10-01,3713.88,55361.74
2023-10-02,3639.63,55043.13
2023-10-03,3766.67,66099.28
2023-10-04,3792.63,67532.08
2023-10-05,3871.82,66768.83
2023-10-06,3784.17,60745.31
2023-10-07,3910.27,65036.72
2023-10-08,3850.15,51259.08
2023-10-09,3823.2,67283.18
2023-10-10,3904.74,64797.72
2023-10-11,3864.04,61280.39
2023-10-12,3815.6,58987.48
2023-10-13,3845.97,56244.79
2023-10-14,3320.07,41345.44
2023-10-15,3590.01,44351.21
2023-10-16,3537.26,55618.56
2023-10-17,3678.74,56858.26
2023-10-18,3720.74,55860.46
2023-10-19,3709.93,54470.36
2023-10-20,3692.63,54710.75
2023-10-21,3777.73,54291.64
2023-10-22,3592.45,41526.45
2023-10-23,3456.95,46427.03
2023-10-24,3382.69,39260.52
2023-10-25,3538.37,52321.01
2023-10-26,3516.11,53636.83
2023-10-27,3542.75,51883.0
2023-10-28,3510.83,47773.87
2023-10-29,3441.31,39525.24
2023-10-30,3689.75,60412.71
2023-10-31,3806.81,69055.27
2023-11-01,4054.29,75460.87
2023-11-02,3938.85,69440.58
2023-11-03,3901.06,65932.18
2023-11-04,3994.62,67589.37
2023-11-05,3980.92,55497.82
2023-11-06,3887.21,68024.65
2023-11-07,3932.25,68423.73
2023-11-08,4051.05,69096.38
2023-11-09,4077.12,71078.45
2023-11-10,4289.39,75086.84
2023-11-11,4390.4,69374.71
2023-11-12,3935.73,44733.39
2023-11-13,3417.7,47916.85
2023-11-14,3513.04,51371.31
2023-11-15,3550.35,52638.59
2023-11-16,3610.35,55363.84
2023-11-17,3538.43,52204.33
2023-11-18,3633.96,52174.65
2023-11-19,3548.45,38799.93
2023-11-20,3563.24,56077.71
2023-11-21,3558.82,54802.0
2023-11-22,3458.05,53206.86
2023-11-23,3599.83,53380.71
2023-11-24,3546.08,52349.38
2023-11-25,3556.28,49582.93
2023-11-26,3496.56,39662.64
2023-11-27,3448.65,47992.81
2023-11-28,3559.73,53090.91
2023-11-29,3600.39,59642.71
2023-11-30,3720.12,69743.48
2023-12-01,4062.79,73567.26
2023-12-02,4078.53,70237.35
2023-12-03,3870.94,51728.44
2023-12-04,3817.63,68763.3
2023-12-05,3854.49,68578.17
2023-12-06,3838.05,64625.98
2023-12-07,3839.53,63698.48
2023-12-08,3982.6,63578.4
2023-12-09,3991.36,59877.09
2023-12-10,3917.03,49895.18
2023-12-11,3910.92,65689.66
2023-12-12,3956.49,62987.05
2023-12-13,3912.56,61418.12
2023-12-14,3875.95,59486.48
2023-12-15,3842.54,58430.66
2023-12-16,3890.45,55199.4
2023-12-17,3836.85,43870.34
2023-12-18,3826.35,58406.97
2023-12-19,3809.83,56788.0
2023-12-20,3888.88,60562.68
2023-12-21,3883.29,57778.84
2023-12-22,3885.54,56458.87
2023-12-23,3821.26,52084.16
2023-12-24,3742.03,42244.26
2023-12-25,3657.93,45953.24
2023-12-26,3727.08,55758.73
2023-12-27,3741.96,56459.53
2023-12-28,3719.0,57227.27
2023-12-29,3812.46,61351.22
2023-12-30,3997.55,66002.11
2023-12-31,4210.39,54242.21
2024-01-01,4057.51,61548.14
2024-01-02,4071.45,70893.83
2024-01-03,4058.37,69042.32
2024-01-04,3982.87,69677.0
2024-01-05,4022.71,67340.71
2024-01-06,4101.97,66487.01
2024-01-07,4021.28,53625.61
2024-01-08,4057.77,70844.31
2024-01-09,4005.45,66881.19
2024-01-10,4126.03,69096.76
2024-01-11,4130.81,64802.51
2024-01-12,4128.73,62936.8
2024-01-13,4150.52,58622.32
2024-01-14,3970.21,45798.47
2024-01-15,3715.69,52989.31
2024-01-16,3751.05,54848.9
2024-01-17,3860.14,57865.64
2024-01-18,3776.33,57744.14
2024-01-19,3889.88,57190.9
2024-01-20,3961.25,58896.19
2024-01-21,3828.63,43723.18
2024-01-22,3558.49,45700.49
2024-01-23,3807.01,58416.14
2024-01-24,3897.97,58701.3
2024-01-25,3906.37,59174.51
2024-01-26,3728.82,44870.49
2024-01-27,3814.49,49962.28
2024-01-28,3743.14,41338.49
2024-01-29,3878.1,61721.4
2024-01-30,3883.08,63398.15
2024-01-31,4144.06,76945.48
2024-02-01,4318.59,82028.29
2024-02-02,4334.91,73617.61
2024-02-03,4311.46,70136.81
2024-02-04,4193.76,58023.37
2024-02-05,4304.28,77049.21
2024-02-06,4030.23,66834.78
2024-02-07,4369.19,72935.74
2024-02-08,4315.24,69704.87
2024-02-09,4329.59,67472.51
2024-02-10,4377.3,64841.39
2024-02-11,4232.39,50719.39
2024-02-12,4263.37,69413.98
2024-02-13,4197.7,64168.37
2024-02-14,4206.21,62262.76
2024-02-15,4200.45,64067.86
2024-02-16,4099.75,58708.44
2024-02-17,4045.74,56296.73
2024-02-18,4074.49,45970.13
2024-02-19,4069.78,59833.37
2024-02-20,4105.95,61793.87
2024-02-21,4138.67,60116.76
2024-02-22,4031.86,57929.56
2024-02-23,4102.78,56587.1
2024-02-24,4013.05,52338.63
2024-02-25,3989.82,44382.34
2024-02-26,4000.04,59971.55
2024-02-27,3872.42,57903.92
2024-02-28,4181.9,64859.15
2024-02-29,4315.81,77900.86
2024-03-01,4546.29,80825.87
2024-03-02,4520.81,75429.57
2024-03-03,4338.82,58334.6
2024-03-04,4400.41,77261.65
2024-03-05,4469.35,76244.86
2024-03-06,4418.26,73298.76
2024-03-07,4501.15,72473.42
2024-03-08,4282.33,59151.0
2024-03-09,4335.56,62712.99
2024-03-10,4381.91,54675.02
2024-03-11,4446.13,73454.28
2024-03-12,4323.86,68580.66
2024-03-13,4320.08,68886.56
2024-03-14,4289.08,66622.38
2024-03-15,4366.18,64856.7
2024-03-16,4315.83,61213.98
2024-03-17,4258.75,48305.04
2024-03-18,4279.42,63687.32
2024-03-19,4186.05,61251.95
2024-03-20,4184.15,62350.23
2024-03-21,4262.7,61972.32
2024-03-22,4456.07,61822.7
2024-03-23,4504.97,60705.64
2024-03-24,4459.68,48265.51
2024-03-25,3707.24,40085.56
2024-03-26,4130.96,56389.63
2024-03-27,4284.64,62182.95
2024-03-28,4259.39,67414.47
2024-03-29,4282.98,61279.32
2024-03-30,4402.7,69087.24
2024-03-31,4484.29,59531.05
2024-04-01,4081.77,65707.52
2024-04-02,4376.71,78992.68
2024-04-03,4574.56,81612.52
2024-04-04,4637.32,80339.98
2024-04-05,4683.52,76592.44
2024-04-06,4683.34,75139.67
2024-04-07,4732.2,62137.33
2024-04-08,4645.73,78463.35
2024-04-09,4729.93,73005.91
2024-04-10,4787.3,77281.73
2024-04-11,4370.3,58614.12
2024-04-12,4445.22,66417.2
2024-04-13,4479.34,60182.59
2024-04-14,4383.94,49234.95
2024-04-15,4469.73,71014.73
2024-04-16,4494.11,67012.58
2024-04-17,4305.65,58079.92
2024-04-18,4387.66,62329.77
2024-04-19,4141.56,55920.21
2024-04-20,4447.32,63256.03
2024-04-21,4346.77,48472.16
2024-04-22,4336.3,63466.19
2024-04-23,4232.23,59888.22
2024-04-24,4296.9,62462.96
2024-04-25,4316.85,62066.2
2024-04-26,4178.7,56158.84
2024-04-27,4373.46,56822.21
2024-04-28,4256.32,46102.79
2024-04-29,4352.25,67116.48
2024-04-30,4492.95,80573.24
2024-05-01,4804.69,81678.5
2024-05-02,4772.01,82795.98
2024-05-03,4712.03,77293.8
2024-05-04,4840.87,77618.21
2024-05-05,4711.69,61535.54
2024-05-06,4669.94,77012.19
2024-05-07,4544.11,71966.72
2024-05-08,4741.36,74337.94
2024-05-09,4711.16,74897.09
2024-05-10,4740.33,74820.95
2024-05-11,4605.34,64156.46
2024-05-12,4565.44,51539.62
2024-05-13,4368.12,64193.58
2024-05-14,4494.89,67457.42
2024-05-15,4611.81,69211.71
2024-05-16,4493.06,65655.99
2024-05-17,4466.52,61499.98
2024-05-18,4475.37,60392.39
2024-05-19,4421.55,48699.88
2024-05-20,4359.16,62677.84
2024-05-21,4429.81,63261.77
2024-05-22,4485.22,62814.11
2024-05-23,4321.57,59408.9
2024-05-24,4439.13,59932.38
2024-05-25,4310.14,55032.22
2024-05-26,4387.71,45546.42
2024-05-27,4337.4,63592.61
2024-05-28,4284.26,61125.12
2024-05-29,4313.43,61874.15
2024-05-30,4348.73,65193.76
2024-05-31,4591.58,77713.82
2024-06-01,4784.57,80892.93
2024-06-02,4741.78,65177.53
2024-06-03,4791.28,84201.75
2024-06-04,4474.45,81483.43
2024-06-05,4786.02,82064.37
2024-06-06,4579.99,73445.81
2024-06-07,4781.77,74690.75
2024-06-08,4791.9,68922.47
2024-06-09,4710.92,56425.61
2024-06-10,4807.16,80323.86
2024-06-11,4697.98,73866.64
2024-06-12,4769.39,71385.73
2024-06-13,4621.92,67638.55
2024-06-14,4705.68,66861.57
2024-06-15,4777.18,68024.41
2024-06-16,4746.27,53975.8
2024-06-17,4315.9,51569.15
2024-06-18,4404.62,61051.29
2024-06-19,4602.56,64879.46
2024-06-20,4543.25,65029.53
2024-06-21,4526.04,62337.03
2024-06-22,4548.31,57274.09
2024-06-23,4453.05,46497.11
2024-06-24,4555.21,64748.05
2024-06-25,4445.25,63353.78
2024-06-26,4481.4,62349.06
2024-06-27,4504.87,62009.24
2024-06-28,4527.52,66808.91
2024-06-29,4755.43,70499.43
2024-06-30,4619.75,59293.86
2024-07-01,4918.91,87154.11
2024-07-02,5016.23,83635.4
2024-07-03,4845.59,78649.51
2024-07-04,4821.22,78683.27
2024-07-05,4812.11,76238.49
2024-07-06,4939.44,75111.32
2024-07-07,4829.96,59336.17
2024-07-08,4811.57,81314.51
2024-07-09,4829.04,77115.53
2024-07-10,4976.49,79215.04
2024-07-11,4785.89,71809.73
2024-07-12,4674.07,66726.7
2024-07-13,4622.91,59489.69
2024-07-14,4647.16,50682.42
2024-07-15,4702.3,71054.85
2024-07-16,4641.67,66028.97
2024-07-17,4509.27,55967.88
2024-07-18,4547.15,62967.39
2024-07-19,4577.98,61525.81
2024-07-20,4306.37,57542.05
2024-07-21,4463.79,48180.54
2024-07-22,4519.69,64897.57
2024-07-23,4504.55,64321.06
2024-07-24,4472.88,61048.58
2024-07-25,4453.23,61610.72
2024-07-26,4556.81,59531.17
2024-07-27,4572.74,55364.35
2024-07-28,4517.45,45136.0
2024-07-29,4417.18,62312.64
2024-07-30,4462.18,63738.25
2024-07-31,4599.71,77902.69
2024-08-01,4927.45,86207.47
2024-08-02,5035.24,80650.53
2024-08-03,4985.34,74840.21
2024-08-04,4941.3,60733.24
2024-08-05,5029.81,87105.05
2024-08-06,4846.79,75775.76
2024-08-07,4945.62,75924.48
2024-08-08,4990.49,74517.12
2024-08-09,4999.0,71679.83
2024-08-10,5018.96,68937.11
2024-08-11,4842.05,53711.43
2024-08-12,4948.14,73511.02
2024-08-13,4938.53,69591.51
2024-08-14,5089.69,70932.79
2024-08-15,4796.04,53740.39
2024-08-16,4835.59,62853.27
2024-08-17,4892.83,64285.9
2024-08-18,4975.86,52964.5
2024-08-19,4795.09,57096.04
2024-08-20,4567.58,63752.32
2024-08-21,4655.06,63404.65
2024-08-22,4650.04,61990.5
2024-08-23,4615.79,60477.73
2024-08-24,4578.26,56689.96
2024-08-25,4610.72,47468.27
2024-08-26,4605.23,56543.09
2024-08-27,4521.45,60871.56
2024-08-28,4636.85,62645.47
2024-08-29,4621.93,64211.45
2024-08-30,4777.08,71082.16
2024-08-31,4956.66,76540.76
2024-09-01,5114.21,69073.83
2024-09-02,5111.79,86274.07
2024-09-03,5158.92,81437.03
2024-09-04,5276.83,83685.23
2024-09-05,5275.53,80797.4
2024-09-06,5306.97,77713.57
2024-09-07,5028.66,65498.43
2024-09-08,4915.62,56165.45
2024-09-09,5084.25,79490.57
2024-09-10,5114.5,78254.62
2024-09-11,5145.97,75806.41
2024-09-12,4988.13,70296.67
2024-09-13,5079.2,70079.7
2024-09-14,5096.63,65219.02
2024-09-15,4946.03,53280.38
2024-09-16,4923.31,63984.34
2024-09-17,4689.13,59687.43
2024-09-18,4991.37,66289.32
2024-09-19,5006.81,68177.63
2024-09-20,5002.7,65412.69
2024-09-21,4950.98,63704.4
2024-09-22,4905.15,50664.47
2024-09-23,4887.96,66590.44
2024-09-24,4824.49,63656.76
2024-09-25,4812.32,66166.94
2024-09-26,4804.61,66459.08
2024-09-27,4938.88,66716.07
2024-09-28,4956.68,61976.27
2024-09-29,4773.76,50108.87
2024-09-30,5306.08,91327.62
2024-10-01,5465.34,92658.75
2024-10-02,5447.42,77705.0
2024-10-03,5482.69,88839.15
2024-10-04,5448.27,86830.46
2024-10-05,5473.27,84513.18
2024-10-06,5357.65,66431.56
2024-10-07,5507.49,92458.79
2024-10-08,5510.62,85158.96
2024-10-09,5598.86,85547.24
2024-10-10,5589.33,82983.3
2024-10-11,5355.89,69918.71
2024-10-12,5167.94,56546.43
2024-10-13,5068.84,53064.06
2024-10-14,5162.22,75016.77
2024-10-15,5067.63,73329.45
2024-10-16,5202.53,72971.45
2024-10-17,5157.11,70391.28
2024-10-18,5214.61,68930.91
2024-10-19,5262.23,70977.77
2024-10-20,5289.9,57448.79
2024-10-21,5100.34,73501.45
2024-10-22,5105.26,72169.83
2024-10-23,5197.53,72706.64
2024-10-24,5104.26,69192.29
2024-10-25,5179.06,74389.67
2024-10-26,5250.97,68761.95
2024-10-27,5197.99,57620.64
2024-10-28,5325.86,82704.73
2024-10-29,5652.74,87452.79
2024-10-30,5464.63,94276.43
2024-10-31,6441.18,85323.03
2024-11-01,5175.79,74047.52
2024-11-02,5217.82,75055.57
2024-11-03,5047.98,63120.41
2024-11-04,5265.56,89858.79
2024-11-05,5280.91,85256.12
2024-11-06,5294.49,81865.72
2024-11-07,5212.97,77688.12
2024-11-08,5217.96,74332.91
2024-11-09,5311.83,73528.63
2024-11-10,5308.02,62533.33
2024-11-11,5345.5,82436.94
2024-11-12,5260.88,77463.41
2024-11-13,5285.16,75100.7
2024-11-14,5226.87,73219.2
2024-11-15,5032.81,63789.6
2024-11-16,5258.89,69831.22
2024-11-17,5098.52,54171.35
2024-11-18,5094.88,70983.16
2024-11-19,5027.08,69585.3
2024-11-20,5057.32,67834.29
2024-11-21,5086.23,70642.19
2024-11-22,5102.01,66901.25
2024-11-23,4991.83,60675.87
2024-11-24,5005.79,51421.51
2024-11-25,5021.61,71726.73
2024-11-26,4952.67,70195.84
2024-11-27,5038.54,68595.69
2024-11-28,5049.35,71091.2
2024-11-29,5199.23,77537.16
2024-11-30,5351.71,84697.68
2024-12-01,5504.49,75107.21
2024-12-02,5605.05,95915.61
2024-12-03,5553.85,89993.99
2024-12-04,5619.83,90193.49
2024-12-05,5562.69,86499.53
2024-12-06,5480.22,79287.54
2024-12-07,5577.86,79101.01
2024-12-08,5496.59,64347.24
2024-12-09,5466.05,86326.84
2024-12-10,5513.79,84053.0
2024-12-11,5505.84,80326.73
2024-12-12,5333.41,76196.74
2024-12-13,5411.65,74454.16
2024-12-14,5388.81,68218.53
2024-12-15,5357.74,57635.58
2024-12-16,5378.44,76984.49
2024-12-17,5372.01,77394.28
2024-12-18,5342.22,73236.05
2024-12-19,5354.3,74296.62
2024-12-20,5352.75,73223.48
2024-12-21,5379.54,68924.5
2024-12-22,5285.35,54933.41
2024-12-23,5282.19,75243.27
2024-12-24,5269.66,71475.66
2024-12-25,5174.29,61906.4
2024-12-26,5183.96,71169.36
2024-12-27,5085.77,68528.35
2024-12-28,5149.14,64526.76
2024-12-29,5112.26,53660.5
2024-12-30,5252.9,78391.76
2024-12-31,5947.44,93147.85
2025-01-01,5684.29,81015.79
2025-01-02,5652.23,94429.32
2025-01-03,5594.45,86371.9
2025-01-04,5623.49,87686.56
2025-01-05,5569.97,70700.73
2025-01-06,5596.41,92101.54
2025-01-07,5583.26,86148.85
2025-01-08,5729.69,86474.61
2025-01-09,5681.22,85038.14
2025-01-10,5787.6,86039.63
2025-01-11,5682.68,76848.16
2025-01-12,5670.88,63403.0
2025-01-13,5556.74,78541.07
2025-01-14,5226.89,66339.87
2025-01-15,5335.38,72564.96
2025-01-16,5330.99,71787.04
2025-01-17,5374.03,71032.39
2025-01-18,5391.77,68860.95
2025-01-19,5306.5,56364.25
2025-01-20,5436.44,78187.93
2025-01-21,5308.28,72609.39
2025-01-22,5415.29,72846.1
2025-01-23,5268.29,69306.15
2025-01-24,5367.16,69561.04
2025-01-25,5530.17,67121.44
2025-01-26,5173.03,51023.09
2025-01-27,5346.75,74950.26
2025-01-28,5327.98,72270.63
2025-01-29,5327.46,70929.65
2025-01-30,5359.41,76012.84
2025-01-31,5721.28,91469.83
2025-02-01,6047.54,99835.69
2025-02-02,5916.04,75620.6
2025-02-03,5823.91,93245.74
2025-02-04,5764.18,91126.6
2025-02-05,5856.8,89847.56
2025-02-06,5793.2,85577.46
2025-02-07,5821.64,83661.64
2025-02-08,5848.37,78394.48
2025-02-09,5846.95,67170.58
2025-02-10,5928.16,92183.3
2025-02-11,5810.57,85320.26
2025-02-12,5894.27,82436.06
2025-02-13,5742.83,77947.95
2025-02-14,5872.38,77266.11
2025-02-15,5710.54,76162.54
2025-02-16,5530.48,59017.87
2025-02-17,5624.3,77737.39
2025-02-18,5571.15,73824.81
2025-02-19,5647.58,73200.56
2025-02-20,5621.19,74075.68
2025-02-21,5647.7,71739.87
2025-02-22,5654.72,67795.92
2025-02-23,5605.4,54660.38
2025-02-24,5634.82,75820.65
2025-02-25,5765.01,76593.92
2025-02-26,5520.81,62994.82
2025-02-27,5554.77,75714.97
2025-02-28,6006.62,97508.29
2025-03-01,6314.25,101627.92
2025-03-02,6080.29,79157.48
2025-03-03,5994.47,97185.42
2025-03-04,5945.58,93483.95
2025-03-05,5962.65,93034.38
2025-03-06,5841.0,87477.02
2025-03-07,5979.96,87218.22
2025-03-08,6057.62,81507.5
2025-03-09,6047.83,68403.22
2025-03-10,6110.43,95763.57
2025-03-11,5778.13,84906.83
2025-03-12,6017.22,87615.79
2025-03-13,6421.01,85570.94
2025-03-14,5149.85,51067.26
2025-03-15,5807.63,71801.28
2025-03-16,5721.5,59622.54
2025-03-17,5803.52,80668.23
2025-03-18,5726.43,76988.31
2025-03-19,5761.34,76504.71
2025-03-20,5758.2,78037.44
2025-03-21,5763.75,74557.68
2025-03-22,5842.26,70233.03
2025-03-23,5874.4,58953.84
2025-03-24,5784.36,79820.41
2025-03-25,5817.44,79710.62
2025-03-26,5505.09,75842.65
2025-03-27,5974.65,81231.4
2025-03-28,6052.43,84515.18
2025-03-29,6271.91,87115.79
2025-03-30,6192.67,71617.99
2025-03-31,5657.21,75980.99
2025-04-01,5297.18,74937.0
2025-04-02,6192.75,102791.42
2025-04-03,6069.85,95332.97
2025-04-04,6186.86,94268.0
2025-04-05,6295.81,90299.35
2025-04-06,5882.73,68150.47
2025-04-07,6185.68,98216.32
2025-04-08,6248.95,89887.4
2025-04-09,6296.92,91452.18
2025-04-10,6054.15,83751.64
2025-04-11,6202.63,85297.83
2025-04-12,5542.96,68876.63
2025-04-13,6139.76,65305.33
2025-04-14,5826.86,70514.53
2025-04-15,6089.39,83768.29
2025-04-16,6063.92,82446.94
2025-04-17,5983.05,79567.11
2025-04-18,5781.75,67342.78
2025-04-19,6039.46,74613.71
2025-04-20,5878.92,60985.01
2025-04-21,5892.08,79430.34
2025-04-22,5820.08,75876.17
2025-04-23,5822.96,74632.32
2025-04-24,5801.95,73457.31
2025-04-25,5850.48,74213.96
2025-04-26,5831.23,69855.94
2025-04-27,5784.71,57359.23
2025-04-28,5832.17,79646.93
2025-04-29,5879.09,81121.96
2025-04-30,6159.91,101526.8
2025-05-01,6270.44,96949.94
2025-05-02,6372.71,100248.07
2025-05-03,6381.16,95776.08
2025-05-04,6276.41,78825.85
2025-05-05,6295.88,99229.03
2025-05-06,6084.19,89592.71
2025-05-07,6156.02,89345.34
2025-05-08,6220.41,88440.61
2025-05-09,6130.56,86292.19
2025-05-10,6176.41,83538.15
2025-05-11,6023.18,65341.59
2025-05-12,5586.78,78333.03
2025-05-13,6050.66,84780.86
2025-05-14,6097.36,84134.23
2025-05-15,6064.93,83793.22
2025-05-16,6031.17,78259.65
2025-05-17,6058.72,75787.32
2025-05-18,5950.87,60347.3
2025-05-19,5948.07,80321.57
2025-05-20,5844.7,78514.86
2025-05-21,5910.06,77375.62
2025-05-22,5895.76,75556.0
2025-05-23,5917.59,73524.04
2025-05-24,5854.68,69120.98
2025-05-25,5835.6,58284.01
2025-05-26,5785.37,76999.96
2025-05-27,5775.12,74452.63
2025-05-28,5817.54,75951.73
2025-05-29,5793.6,76027.13
2025-05-30,5992.32,86128.51
2025-05-31,6176.33,93024.8
2025-06-01,6443.07,82861.02
2025-06-02,6502.55,106309.47
2025-06-03,6487.37,97443.74
2025-06-04,6375.92,98723.85
2025-06-05,6413.93,96560.1
2025-06-06,6583.48,93649.21
2025-06-07,6068.29,75791.75
2025-06-08,6015.04,63812.4
2025-06-09,6231.65,91121.07
2025-06-10,6342.94,91838.53
2025-06-11,6266.08,87210.64
2025-06-12,6134.45,82500.72
2025-06-13,6133.8,79449.86
2025-06-14,6129.77,74677.34
2025-06-15,6056.44,62265.9
2025-06-16,6049.52,82363.95
2025-06-17,5975.23,77388.82
2025-06-18,6029.92,77121.9
2025-06-19,5909.43,75273.14
2025-06-20,6066.72,74977.8
2025-06-21,6037.75,72526.08
2025-06-22,5910.89,57113.84
2025-06-23,5926.09,75796.64
2025-06-24,5858.02,72710.14
2025-06-25,5954.44,74007.96
2025-06-26,5940.23,74401.66
2025-06-27,5982.99,73713.91
2025-06-28,5989.64,70198.78
2025-06-29,5894.65,58111.17
2025-06-30,6239.76,104009.3
2025-07-01,6535.13,110062.3
2025-07-02,6649.96,104976.26
2025-07-03,6446.99,95041.19
2025-07-04,6483.11,92737.86
2025-07-05,6561.36,92883.49
2025-07-06,6234.23,69207.26
2025-07-07,6415.8,95194.06
2025-07-08,6481.43,89965.21
2025-07-09,6381.36,87860.16
2025-07-10,6555.67,90757.83
2025-07-11,6460.48,85108.8
2025-07-12,6446.34,77724.93
2025-07-13,6348.89,64248.65
2025-07-14,6286.84,86145.07
2025-07-15,6346.66,84602.21
2025-07-16,6313.62,81454.6
2025-07-17,6182.45,76195.17
2025-07-18,6213.91,73841.65
2025-07-19,6244.42,72515.93
2025-07-20,6252.9,60707.39
2025-07-21,6126.68,77296.08
2025-07-22,6096.52,73274.46
2025-07-23,6094.14,72901.37
2025-07-24,6022.45,70319.08
2025-07-25,5974.38,72926.31
2025-07-26,6032.41,67031.53
2025-07-27,6094.34,55840.25
2025-07-28,6075.99,76306.71
2025-07-29,5908.51,73041.58
2025-07-30,6077.25,79458.74
2025-07-31,6335.26,98871.97
2025-08-01,6693.32,103856.25
2025-08-02,7072.16,102420.12
2025-08-03,6679.26,76155.36
2025-08-04,6653.74,98588.87
2025-08-05,6716.64,97550.71
2025-08-06,6752.68,93102.41
2025-08-07,6733.55,93176.2
2025-08-08,7212.7,93002.51
2025-08-09,6802.34,76578.76
2025-08-10,6450.79,69866.81
2025-08-11,6528.05,90606.77
2025-08-12,6516.25,85866.64
2025-08-13,6436.44,83460.62
2025-08-14,6600.47,83159.03
2025-08-15,6298.8,63117.09
2025-08-16,6367.68,68278.92
2025-08-17,6123.11,57594.29
2025-08-18,6270.5,79754.87
2025-08-19,6141.89,76331.59
2025-08-20,6391.41,81160.77
2025-08-21,6315.06,78191.58
2025-08-22,6226.44,72461.6
2025-08-23,6178.33,68686.99
2025-08-24,6277.93,58510.27
2025-08-25,6378.24,80294.19
2025-08-26,6416.38,77157.83
2025-08-27,5935.56,62308.47
2025-08-28,5976.77,74062.22
2025-08-29,6178.53,81491.51
2025-08-30,6451.28,87522.18
2025-08-31,6306.8,71157.47
2025-09-01,6537.87,103346.42
2025-09-02,6699.28,101199.28
2025-09-03,6698.13,95949.97
2025-09-04,6673.71,95176.51
2025-09-05,6433.47,82199.29
2025-09-06,6420.34,82162.11
2025-09-07,6346.63,67737.98
2025-09-08,6742.07,91323.72
2025-09-09,6710.52,91406.67
2025-09-10,6824.83,94319.1
2025-09-11,6615.98,87398.93
2025-09-12,6703.27,83819.17
2025-09-13,6568.81,75989.11
2025-09-14,6534.01,63705.14
2025-09-15,6525.17,86868.41
2025-09-16,6480.36,81334.96
2025-09-17,6512.7,76781.03
2025-09-18,6363.22,75545.7
2025-09-19,6460.19,73973.14
2025-09-20,6600.31,76649.34
2025-09-21,6501.72,60320.66
2025-09-22,6370.58,82477.13
2025-09-23,6419.36,81647.55
2025-09-24,6505.07,82219.56
2025-09-25,6464.77,82763.15
2025-09-26,6427.94,81147.56
2025-09-27,6470.99,76740.06
2025-09-28,6355.23,63884.47
2025-09-29,6626.1,88429.61
2025-09-30,6741.7,103220.79
2025-10-01,7056.18,106297.2
2025-10-02,6562.93,82995.89
2025-10-03,6746.33,97261.44
2025-10-04,6769.6,99228.42
2025-10-05,6785.92,82431.5
2025-10-06,6768.48,102255.51
2025-10-07,6463.2,94312.62
2025-10-08,7003.22,101998.71
2025-10-09,7096.11,102964.42
2025-10-10,7175.11,100827.85
2025-10-11,6910.44,90437.39
2025-10-12,6933.16,75027.23
2025-10-13,6878.74,96747.94
2025-10-14,6857.99,95603.07
2025-10-15,6998.75,99092.97
2025-10-16,6926.84,95599.29
2025-10-17,7124.76,98266.13
2025-10-18,7543.7,102753.58
2025-10-19,7390.42,85667.27
2025-10-20,7172.68,74285.26
2025-10-21,6026.67,67047.73
2025-10-22,6152.94,71327.82
2025-10-23,6117.53,74735.1
2025-10-24,6171.68,78118.62
2025-10-25,6224.36,75021.93
2025-10-26,6147.51,61084.11
2025-10-27,6084.87,77187.79
2025-10-28,5974.61,75624.67
2025-10-29,6171.14,79470.12
2025-10-30,6203.74,83284.16
2025-10-31,6569.6,100834.97
2025-11-01,7042.17,108113.06
2025-11-02,7040.1,88237.13
2025-11-03,6903.27,104487.3
2025-11-04,6913.88,104828.1
2025-11-05,6908.38,93513.51
2025-11-06,6777.73,95130.44
2025-11-07,6948.16,96328.59
2025-11-08,6956.77,88350.79
2025-11-09,6936.38,75982.55
2025-11-10,7021.29,102018.93
2025-11-11,6907.81,95430.93
2025-11-12,6973.49,92633.75
2025-11-13,6846.47,88130.37
2025-11-14,6830.91,84751.72
2025-11-15,6916.75,86252.67
2025-11-16,6818.24,68114.84
2025-11-17,6739.06,86746.09
2025-11-18,6647.56,84795.14
2025-11-19,6710.65,84412.33
2025-11-20,6851.82,86690.37
2025-11-21,6804.79,83048.09
2025-11-22,6706.65,76278.14
2025-11-23,6615.87,62917.13
2025-11-24,6605.27,83598.27
2025-11-25,6593.86,83111.04
2025-11-26,6648.39,81897.99
2025-11-27,6599.59,82358.08
2025-11-28,6761.24,90124.99
2025-11-29,6855.69,93645.91
2025-11-30,6787.55,79704.39
2025-12-01,7136.19,115449.97
2025-12-02,7268.16,112235.89
2025-12-03,7102.12,104190.87
2025-12-04,7040.88,103618.87
2025-12-05,7074.09,101063.5
2025-12-06,7128.98,95845.96
2025-12-07,7047.08,78447.4
2025-12-08,7120.4,101849.7
2025-12-09,7085.57,102672.16
2025-12-10,7235.37,103463.35
2025-12-11,6996.58,93099.57
2025-12-12,7059.95,90399.4
2025-12-13,7028.34,83028.01
2025-12-14,7003.34,70004.33
2025-12-15,7054.22,95630.48
2025-12-16,6874.39,89498.14
2025-12-17,6957.98,86431.01
2025-12-18,6872.88,87159.49
2025-12-19,6833.96,79987.96
2025-12-20,6958.01,84002.35
2025-12-21,6862.7,67104.1
